,macrostate,P_up,P_down,term_1,term_2,term_3
0,0,0.1822261828,0.0,0.0,0.0,-0.0
1,1,0.183031634,1e-10,-1.3814968296369836e-19,5.730434856375817e-41,-4.990760617573494e-61
2,2,0.1533151577,3e-10,-2.7629827329999485e-19,1.160082704364606e-40,-1.0104884289620004e-60
3,3,0.1347416491,5e-10,-4.143180542266295e-19,1.760645302129334e-40,-1.6040092817521423e-60
4,4,0.1219095874,4.1e-09,-5.524430260054334e-19,2.325930737608021e-40,-2.105041888931328e-60
5,5,0.1122988751,8e-10,-6.907229753127638e-19,2.888297793111499e-40,-2.6198011703585066e-60
6,6,0.104683749,6e-10,-8.290208533010255e-19,3.460973177263943e-40,-3.070322189990598e-60
7,7,0.0986126531,2.2e-09,-9.66701830333933e-19,4.084837074592273e-40,-3.5700346888341806e-60
8,8,0.0933177812,9.7e-09,-1.1048865981472293e-18,4.628327996754615e-40,-3.9109692791187424e-60
9,9,0.0892159209,2e-09,-1.243538876879139e-18,5.140815669044169e-40,-4.8418610735841826e-60
10,10,0.0854621419,1.5e-09,-1.3820806620239933e-18,5.8201119919061884e-40,-5.716340882328606e-60
11,11,0.0820987419,4.6e-09,-1.5210395426357628e-18,6.3904221031386e-40,-5.897517910670079e-60
12,12,0.0791629048,2e-09,-1.6577021388853056e-18,6.8811468307052245e-40,-5.845191517018499e-60
13,13,0.0765889079,2.7e-09,-1.7970726640686167e-18,7.711057253433443e-40,-7.277377814623986e-60
14,14,0.0742190474,1.5e-09,-1.9356996138272825e-18,7.786010508264044e-40,-6.599246942525437e-60
15,15,0.0720616072,1.73e-08,-2.0732278245727715e-18,9.027879125139992e-40,-9.864783428708517e-60
16,16,0.0699886913,1.8e-09,-2.2120190319704527e-18,9.052444907440624e-40,-7.503370886195924e-60
17,17,0.0679862719,4.1e-09,-2.348652882698584e-18,9.933380416181829e-40,-9.575650737350822e-60
18,18,0.066673542,2.6e-09,-2.48791258813004e-18,1.0277650329429016e-39,-8.581292459837617e-60
19,19,0.0649193168,2e-09,-2.6242385452539556e-18,1.120210537839001e-39,-9.954324570062821e-60
20,20,0.0635852186,2.5e-09,-2.7641942095349458e-18,1.1726834561568789e-39,-1.0546341333063649e-59
21,21,0.061972184,1.53e-08,-2.9027964134549027e-18,1.2614633828516753e-39,-1.1120065180538572e-59
22,22,0.0605305737,7.1e-09,-3.04250708993982e-18,1.2880591437918703e-39,-1.2322845092103218e-59
23,23,0.0589017785,1.9e-09,-3.1823576848804636e-18,1.3136655618685948e-39,-1.2580090789476336e-59
24,24,0.0584250747,2.65e-08,-3.31829463436456e-18,1.3910366815040185e-39,-1.362877787812609e-59
25,25,0.0569611582,2.6e-09,-3.454108410786458e-18,1.4736421142154304e-39,-1.4944879242205351e-59
26,26,0.0560795317,2.5e-09,-3.595147517070115e-18,1.5108362253353166e-39,-1.1838669865498936e-59
27,27,0.0548765418,5.3e-09,-3.7321137516221686e-18,1.5583976446078746e-39,-1.3422793482804773e-59
28,28,0.0539197905,2.01e-08,-3.8732863463268624e-18,1.6536282680748955e-39,-1.5388576451228274e-59
29,29,0.0529029457,9.2e-09,-4.008636760728619e-18,1.732248610829973e-39,-1.7082264233888221e-59
30,30,0.051814356,4e-09,-4.1471895669984885e-18,1.7348609750373637e-39,-1.4220897958055037e-59
31,31,0.0509836342,5.1e-09,-4.283817838141145e-18,1.8034509203099436e-39,-1.4069215692095835e-59
32,32,0.0502242899,1.55e-08,-4.422523412253111e-18,1.889728920141552e-39,-1.6970677921002414e-59
33,33,0.0495847657,1.88e-08,-4.560812796046634e-18,1.8874084266755348e-39,-1.44494866317725e-59
34,34,0.0486106092,6.6e-09,-4.702520901400601e-18,1.957544998992036e-39,-1.8761319229400119e-59
35,35,0.0477575408,4.7e-09,-4.83919996084758e-18,2.0199160265022065e-39,-1.3635987292691624e-59
36,36,0.0470167959,8.3e-09,-4.976424848859354e-18,2.061891796496044e-39,-2.07800129422041e-59
37,37,0.0461693575,1.173e-07,-5.1137849900431e-18,2.103560568760879e-39,-1.5841810649513715e-59
38,38,0.0457094113,1.49e-08,-5.252705134715988e-18,2.247452234950481e-39,-2.1818793056276525e-59
39,39,0.0450692463,1.091e-07,-5.391951269436825e-18,2.3440452693500206e-39,-2.2431014573939936e-59
40,40,0.0442246426,1.346e-07,-5.529810219771064e-18,2.2763620967743707e-39,-1.816117493876567e-59
41,41,0.0437742685,5.7e-09,-5.670856519042592e-18,2.3210765804160276e-39,-1.2232627535786013e-59
42,42,0.0432595824,3.2604e-06,-5.806810538312351e-18,2.4468470979826423e-39,-2.2761913465377196e-59
43,43,0.0424279943,6.3e-09,-5.945126409571476e-18,2.4996331231718296e-39,-2.631347316383554e-59
44,44,0.0417533054,3.18e-08,-6.081996199973785e-18,2.5663406250296782e-39,-1.9067499509127018e-59
45,45,0.0411021081,6.2e-09,-6.2225459910615986e-18,2.603370876597314e-39,-2.5117286579021786e-59
46,46,0.040715724,7.1e-09,-6.363021952992385e-18,2.6386670576008016e-39,-2.8085850993513545e-59
47,47,0.0401297278,1.872e-07,-6.498127794999258e-18,2.6824870732753717e-39,-2.6821593899600512e-59
48,48,0.039468478,2.84e-08,-6.633262061386771e-18,2.9174926614121067e-39,-2.938321133766387e-59
49,49,0.038934355,2.34e-08,-6.773458033240723e-18,2.949634672310211e-39,-2.9145940608860274e-59
50,50,0.0383406545,5.15e-08,-6.911388450288581e-18,2.978146513951585e-39,-2.6903631346453643e-59
51,51,0.0378444488,1.7804e-06,-7.050899621467857e-18,2.9620683069331334e-39,-2.230991533383432e-59
52,52,0.0373047786,2.195e-07,-7.188732736042387e-18,3.0927854827825884e-39,-3.7373288364413476e-59
53,53,0.0369577346,1.69e-08,-7.327525519489429e-18,3.1909710695856705e-39,-3.4142827153485674e-59
54,54,0.0364771285,2.51e-08,-7.463151411476717e-18,3.1938134617998774e-39,-2.5019552209059218e-59
55,55,0.0358760182,7.6e-09,-7.604386756561445e-18,3.126534069503352e-39,-2.595659486466306e-59
56,56,0.0354579624,1.25e-08,-7.7432979449612e-18,3.3109154079380846e-39,-2.9284005480200947e-59
57,57,0.0351802876,2.35e-08,-7.880138672026493e-18,3.2760105194850244e-39,-2.065578045682173e-59
58,58,0.0344291986,8.1e-09,-8.019818511495619e-18,3.4061142219369145e-39,-4.560264805073969e-59
59,59,0.0339278421,8.2e-09,-8.159057235451285e-18,3.371440972539691e-39,-3.3112381318686766e-59
60,60,0.033534496,5.2e-09,-8.296216500247201e-18,3.425893654180431e-39,-3.0540623419210676e-59
61,61,0.0331243091,7.2e-09,-8.43532112854217e-18,3.469223952263027e-39,-2.230753936122129e-59
62,62,0.0326736742,6.58e-08,-8.573452853017874e-18,3.4884993489353994e-39,-3.6482192827431864e-59
63,63,0.0321858847,2.7073e-06,-8.705684018724245e-18,3.951411557409252e-39,-3.662448758874885e-59
64,64,0.0316673018,4.434e-07,-8.8503106136959e-18,3.684965143319497e-39,-3.632107062142515e-59
65,65,0.0314165118,5.2e-09,-8.990679786835205e-18,3.572326761758209e-39,-2.6471278790270735e-59
66,66,0.0310444627,1.18e-08,-9.1258209821248e-18,3.883286146485178e-39,-4.922469795345553e-59
67,67,0.0305534193,1.53e-08,-9.2673489005183e-18,3.850740704606223e-39,-2.7098981120295175e-59
68,68,0.0301093147,9.546e-07,-9.398608081604485e-18,4.0510192941863984e-39,-2.9113052876057195e-59
69,69,0.0297067371,1.19e-08,-9.542326490567816e-18,4.1132391445759066e-39,-4.805741840061566e-59
70,70,0.0293183465,1.05e-08,-9.682280412733668e-18,3.953847698838421e-39,-4.731512281472247e-59
71,71,0.0289547706,3.7419e-06,-9.810028605028445e-18,4.620653899476961e-39,-4.514768006397861e-59
72,72,0.0284817141,3.74e-08,-9.95720118889462e-18,4.0908988739102655e-39,-3.8837308549994126e-59
73,73,0.0284089429,6.57917e-05,-1.0035459090258103e-17,4.52909542941556e-39,-3.809243082546597e-59
74,74,0.0282936661,0.000120675,-1.0125606168889816e-17,4.294457492338034e-39,-2.896420758620731e-59
75,75,0.0282060865,0.0001548307,-1.0205434373614236e-17,4.385802918783337e-39,-3.7625323773336912e-59
76,76,0.0282721667,0.0002207517,-1.0291469255797579e-17,4.8181499806066657e-39,-3.450742612973722e-59
77,77,0.0281240731,0.000283545,-1.0374722887646957e-17,4.791072810034848e-39,-5.93950694222246e-59
78,78,0.0280313671,0.000339073,-1.0462041663875927e-17,5.033680254498641e-39,-3.580991899856494e-59
79,79,0.0279286849,0.0004315722,-1.0540533355604974e-17,5.311123477802532e-39,-3.9766215984551075e-59
80,80,0.0279229333,0.0004363279,-1.0624614565215989e-17,5.1872324007246594e-39,-7.94544357932765e-59
81,81,0.0278750076,0.0005049556,-1.0703358433544497e-17,5.480960776606085e-39,-4.369062666348273e-59
82,82,0.0277784693,0.000590675,-1.0792372266464413e-17,5.7217776282888605e-39,-5.673633757566819e-59
83,83,0.0277202936,0.0006214734,-1.0879234811478919e-17,5.7506464941036835e-39,-5.09919342486256e-59
84,84,0.0276034141,0.0006842342,-1.0966608519558582e-17,5.4355154021853635e-39,-5.071566374348201e-59
85,85,0.0275729112,0.000652207,-1.1057942221824308e-17,5.756576988293604e-39,-4.886468489606058e-59
86,86,0.0275038101,0.0007978798,-1.1128779764383921e-17,6.377349508368848e-39,-6.219816613730604e-59
87,87,0.0274863536,0.0007485531,-1.1219180271976961e-17,6.379302628123105e-39,-5.9181656601628935e-59
88,88,0.027377381,0.0008634145,-1.1301135402931069e-17,6.315056448601897e-39,-1.0082421964114814e-58
89,89,0.0272720131,0.0010342677,-1.1378613476072035e-17,6.822791408840426e-39,-7.059349764140993e-59
90,90,0.0272698555,0.0009440583,-1.1468364965420486e-17,6.343921207125735e-39,-7.523734033536818e-59
91,91,0.0271715199,0.0011007822,-1.155324949706752e-17,6.678865599845677e-39,-6.746100409270554e-59
92,92,0.0270315235,0.0010689212,-1.1638881144065922e-17,7.070744349004804e-39,-8.168683955229286e-59
93,93,0.0270059562,0.0012184706,-1.1716962999383218e-17,6.695146729570209e-39,-8.460054359754216e-59
94,94,0.0269228771,0.0012448377,-1.1801650874407671e-17,7.61888564436407e-39,-1.1065096146595612e-58
95,95,0.0268508996,0.0010617063,-1.1898404212715529e-17,7.11655075932793e-39,-3.8672250213712223e-59
96,96,0.0268020153,0.0014207792,-1.1964979421273805e-17,7.516778420105304e-39,-5.431497059681415e-59
97,97,0.026698684,0.0014054733,-1.2058593066983063e-17,7.569936135248637e-39,-5.7177151820831225e-59
98,98,0.0267005654,0.0013460383,-1.2143216678048212e-17,7.48651370448153e-39,-5.440193477821431e-59
99,99,0.0266043554,0.00148745,-1.2223304548962369e-17,7.765699272138624e-39,-8.986093166463917e-59
100,100,0.0265355792,0.0014774081,-1.2308185250837936e-17,7.792826065623545e-39,-7.440343282017712e-59
101,101,0.026515357,0.0016076656,-1.2389338488967305e-17,7.88180717398549e-39,-4.2267526672408767e-60
102,102,0.0263367072,0.0016671866,-1.2485411291615512e-17,8.221836169117216e-39,-7.705240695723665e-59
103,103,0.026296724,0.0016558361,-1.2560071339881627e-17,8.449995419580992e-39,-6.778156675171388e-59
104,104,0.0261289317,0.0015429808,-1.2655453121204489e-17,8.557074268080987e-39,-5.487645256698297e-59
105,105,0.0261524506,0.0017843557,-1.2733537738694647e-17,9.198842770664017e-39,-1.2572516292774998e-58
106,106,0.0260664154,0.001881999,-1.2813300308688684e-17,9.924495760928939e-39,-2.0946100072144184e-58
107,107,0.0260509661,0.002108462,-1.288512678128195e-17,9.354187738093975e-39,-1.2283489758670854e-58
108,108,0.0258969028,0.0018898044,-1.298773614999007e-17,8.946858347182582e-39,-4.072204032057058e-59
109,109,0.0259441476,0.0020987457,-1.3058631248067936e-17,9.685801856448718e-39,-9.876776411890385e-59
110,110,0.025857203,0.0022861775,-1.3141125433081204e-17,9.76487653047615e-39,-1.3843047602437977e-58
111,111,0.0258382033,0.0022581986,-1.3228464460015756e-17,9.547936709882426e-39,-5.1286129496452925e-59
112,112,0.0257932593,0.0022671913,-1.3312236505759035e-17,1.0544838455985378e-38,-5.788620831032473e-59
113,113,0.0257388502,0.0023012653,-1.3405769013232246e-17,1.1144472303839275e-38,-2.3010373939195055e-58
114,114,0.025717113,0.0024202767,-1.3481780592718541e-17,1.047356491055577e-38,-1.1362208767954589e-58
115,115,0.0255778626,0.0022965369,-1.3585152108354545e-17,1.0949770297666926e-38,1.1358499041211191e-59
116,116,0.0255281143,0.0025511539,-1.3638991005141616e-17,1.1080221491240808e-38,-1.0404590814004867e-58
117,117,0.0254769685,0.0025857336,-1.3726813953582949e-17,9.979901181153362e-39,-4.110452750324191e-59
118,118,0.025408547,0.002746566,-1.380834350817661e-17,1.0820132139360776e-38,-9.80809863444888e-59
119,119,0.0253444799,0.0027104541,-1.3886835437078063e-17,1.1454496317960452e-38,-1.09513052670887e-58
120,120,0.0253303327,0.0028117106,-1.3974126042616993e-17,1.149940615705914e-38,-3.211237492629762e-58
121,121,0.0252447762,0.0027534302,-1.4056625085624425e-17,1.1075252167309182e-38,-1.7268891114740274e-58
122,122,0.0251087664,0.0027755524,-1.415155105729604e-17,1.4146192330312788e-38,-2.6626157471681366e-58
123,123,0.0250269281,0.0027695382,-1.4213398174841322e-17,1.1105232050289347e-38,-1.2220832613142887e-58
124,124,0.0248916861,0.0028594256,-1.431615739457217e-17,1.1614025807344604e-38,3.9860271525793544e-60
125,125,0.02487147,0.0029507801,-1.43746888177978e-17,1.3118169373095036e-38,-1.1503044439375642e-58
126,126,0.0248683772,0.0031121639,-1.4456461326101844e-17,1.2920149041868425e-38,-3.896331881188188e-59
127,127,0.0247512255,0.0031771074,-1.4544972423886524e-17,1.3339790267815023e-38,-1.7256808709978354e-58
128,128,0.0247555823,0.0030998933,-1.4626862386837796e-17,1.1829883890012336e-38,3.5424563670630046e-60
129,129,0.0247104639,0.0033720989,-1.4714133818284177e-17,1.2539632711578413e-38,-6.565685782783433e-59
130,130,0.0247473899,0.0032749586,-1.4794888732734676e-17,1.4352026106686032e-38,-6.468290627853736e-59
131,131,0.0246260684,0.0034050092,-1.4880405805292843e-17,1.4941007368159025e-38,-1.201406401592592e-58
132,132,0.0243449767,0.0032186065,-1.49484416325561e-17,1.4772287422427161e-38,-1.2104495552138474e-58
133,133,0.0244888949,0.0034573712,-1.504119773164492e-17,1.3824599834497414e-38,-2.235748314804549e-58
134,134,0.0244337965,0.0034920773,-1.513198832168016e-17,1.411109430518763e-38,6.960917347338603e-60
135,135,0.0243496049,0.0035585273,-1.519756132317978e-17,1.3717921612323312e-38,-1.0268469014743882e-58
136,136,0.0242171394,0.003645348,-1.5275545116905728e-17,1.31466464826989e-38,-1.922901623758383e-58
137,137,0.0242136237,0.003642561,-1.5354675890205963e-17,1.3282360566031872e-38,-9.031259859451248e-59
138,138,0.0240747305,0.0037101879,-1.5422911621755043e-17,1.4579553897499728e-38,-3.3748603909739185e-59
139,139,0.0240658139,0.0036676891,-1.55206096667091e-17,1.3006495965061387e-38,-1.1773609283115725e-58
140,140,0.0238717953,0.003704932,-1.559835709730747e-17,1.4911320161424698e-38,-1.102633979029582e-58
141,141,0.0239580422,0.0037398561,-1.568022163242392e-17,1.44263337966595e-38,-1.2672314632331185e-58
142,142,0.0238584355,0.0039122676,-1.5761308153844913e-17,1.4254157463634957e-38,-2.2635953897803268e-58
143,143,0.0239091945,0.0041053597,-1.5834327360069687e-17,1.411000304999553e-38,9.440486381611427e-59
144,144,0.0235660066,0.0036609005,-1.5931887218223134e-17,1.6165336084926905e-38,-3.475197239080555e-58
145,145,0.023741013,0.0042341028,-1.5974900659163322e-17,1.3672832177847653e-38,-1.8547427095873965e-58
146,146,0.0235734836,0.0040339388,-1.6048896023268774e-17,1.4239880029792592e-38,-5.716944932998292e-59
147,147,0.0235591327,0.0041072983,-1.6146431770709377e-17,1.6016762230249905e-38,-1.5661130763477468e-58
148,148,0.0233583553,0.0041076908,-1.6221595674398535e-17,1.5081992217183076e-38,-1.4161546686605634e-58
149,149,0.023362435,0.0041180582,-1.6301619374262088e-17,1.53039359996272e-38,-4.469534941697646e-59
150,150,0.0235350638,0.0044857352,-1.6371580486241324e-17,1.5955113212547094e-38,-1.4747450745641193e-58
151,151,0.0232590575,0.0044640439,-1.645511634765794e-17,1.599242636613486e-38,-1.0206951079351387e-58
152,152,0.023236119,0.0044186561,-1.6539256367447015e-17,1.5699397101277433e-38,9.027026249396601e-59
153,153,0.0232526834,0.004365754,-1.6615017774314346e-17,1.5341090164982202e-38,-3.0011355427310856e-60
154,154,0.0230506411,0.004240671,-1.6704131107845765e-17,1.6688108012603517e-38,-2.848884282791357e-59
155,155,0.0231612285,0.0046024541,-1.6791038332032953e-17,1.6900076332181156e-38,-1.822999957572912e-58
156,156,0.023056851,0.004266472,-1.6833393160183196e-17,1.4466240079569325e-38,-9.784733235865403e-59
157,157,0.0229304088,0.0044538461,-1.6920236923386075e-17,1.6640586420401034e-38,-1.6416803853477375e-58
158,158,0.0227123118,0.0044231655,-1.703080110000892e-17,1.5710917776790155e-38,-7.1111244585039365e-59
159,159,0.0228462473,0.0046922589,-1.7096225299379152e-17,1.6428691797456535e-38,-4.588180269146576e-59
160,160,0.0228168962,0.0045432161,-1.7159608404179798e-17,1.8053483608175425e-38,-2.615811888719609e-58
161,161,0.0225582821,0.0045083938,-1.7234311277826596e-17,1.7064584119101318e-38,-1.809443927683333e-58
162,162,0.0226460199,0.0045783034,-1.732269495821088e-17,1.7095384572493016e-38,-2.1832235814597384e-59
163,163,0.0224173877,0.0044880347,-1.7405250307488528e-17,1.6857652062783323e-38,-4.696329373524585e-58
164,164,0.0224769071,0.0046147432,-1.744635616825708e-17,1.725819787213089e-38,-9.036700755152556e-59
165,165,0.0224197425,0.0047369375,-1.7558104584903722e-17,1.8019308162627366e-38,-2.4012213579978933e-58
166,166,0.0224919229,0.0047950206,-1.76173684258297e-17,1.569090838713021e-38,-9.187309036750003e-59
167,167,0.0221329208,0.0044786931,-1.7716209168722342e-17,1.8305195888573101e-38,4.256306036817082e-59
168,168,0.0221121436,0.0045300362,-1.7789694067975303e-17,1.6991930451308363e-38,-2.9069655351561015e-58
169,169,0.0221573525,0.0046260731,-1.7867643779051646e-17,1.7951663776983332e-38,1.0631293327776078e-58
170,170,0.0220001682,0.0047738757,-1.7935782377309323e-17,1.8093085504751607e-38,-3.0785377606098047e-58
171,171,0.0219179141,0.0047304788,-1.8039484316353936e-17,1.6882807430812635e-38,-1.908497817226772e-58
172,172,0.0220658988,0.0049397296,-1.8108068160260042e-17,1.997322871632083e-38,-1.4227614334413474e-58
173,173,0.0217228058,0.0046606527,-1.819316003710887e-17,1.7628243597190896e-38,-2.97481285108717e-58
174,174,0.021645696,0.0045883147,-1.824458364472098e-17,1.712643549404407e-38,-2.6292629843221233e-58
175,175,0.0218458958,0.0049504338,-1.8334100010316515e-17,1.825389552708365e-38,2.320499336252137e-59
176,176,0.0218011688,0.0051807336,-1.8410767851504707e-17,1.771617305786854e-38,-2.0682205855808823e-58
177,177,0.02150948,0.0045826349,-1.851540314043138e-17,1.936786633002493e-38,6.970610280071832e-59
178,178,0.0214787185,0.004848824,-1.858659306182307e-17,1.8273416575817885e-38,-1.6742295173864018e-58
179,179,0.0214416561,0.0048241679,-1.8648695480551303e-17,1.9851396359353592e-38,-3.371266125752693e-58
180,180,0.0213649169,0.0047646522,-1.8729629023215424e-17,1.7932433805454646e-38,-6.128947614795325e-59
181,181,0.0212978294,0.0046676501,-1.882792238964737e-17,1.8391840510457524e-38,-2.2926467252974836e-58
182,182,0.0210940485,0.0047756061,-1.891994900615192e-17,1.7955076312118501e-38,-1.608990898500525e-58
183,183,0.0210445978,0.0045915013,-1.8986607780603262e-17,2.0760054375544936e-38,4.627440879166644e-59
184,184,0.0212273803,0.0047246973,-1.9048776454006118e-17,1.8678119642011633e-38,-2.2114929275389925e-59
185,185,0.0211347965,0.0048822458,-1.9116473774356925e-17,1.9419105939529756e-38,-3.7475823720931796e-59
186,186,0.0210731369,0.0049213482,-1.9212255141385432e-17,2.080565458429442e-38,-1.749453888515687e-58
187,187,0.0208929341,0.004901427,-1.9294737228500293e-17,2.1715625945020229e-38,1.0343444169366645e-60
188,188,0.0209707245,0.0049226001,-1.9348406748940754e-17,1.8330724247888276e-38,-1.4598911977385565e-59
189,189,0.0208395711,0.0048171824,-1.9421080432998823e-17,1.8946100562753376e-38,-3.28395002079948e-58
190,190,0.0207649797,0.0046861545,-1.9518706932500515e-17,2.014932701882258e-38,-5.474392415099482e-58
191,191,0.0206331757,0.0048631834,-1.959122100677086e-17,2.1920513166646517e-38,-3.1715425596407164e-58
192,192,0.0207762018,0.0049216133,-1.9677247398355028e-17,2.1139111887549672e-38,-3.1404506592394076e-58
193,193,0.020520176,0.0049009216,-1.976174953833051e-17,1.9638948327518305e-38,4.181418859890998e-59
194,194,0.0205302322,0.0047798868,-1.9839770688576812e-17,2.0309726518222471e-38,-1.5213533600401703e-58
195,195,0.0204631882,0.0049376535,-1.9913801144779806e-17,1.9927201267329837e-38,-4.8561342447745176e-58
196,196,0.020586127,0.0048663549,-1.998893904844126e-17,1.8922902465495737e-38,-9.469435000984016e-59
197,197,0.0203128659,0.0048843314,-2.0075869112034665e-17,1.9507979265896472e-38,-1.710624052820707e-59
198,198,0.0203187342,0.0047916339,-2.016388943095891e-17,2.468322790515783e-38,-2.947434768051147e-58
199,199,0.0201466232,0.0048059419,-2.0243251065684308e-17,2.0070289655521393e-38,-4.528788510407334e-58
200,200,0.0200622764,0.0047390947,-2.0316872456769035e-17,2.0731908971180133e-38,-2.3277477667496467e-58
201,201,0.0199690566,0.0046229479,-2.0402741741841874e-17,2.5174737004447574e-38,-4.2164509893751566e-58
202,202,0.0201108793,0.0049102447,-2.0471118688639886e-17,2.2312933492110475e-38,-7.334536147348349e-59
203,203,0.0199908929,0.0049207447,-2.053755319132676e-17,2.301942816101875e-38,-4.4313826974476175e-59
204,204,0.0200246827,0.005011481,-2.063685222090306e-17,1.9919208240961194e-38,-2.801799484207721e-58
205,205,0.0201228494,0.0051739196,-2.0671014277815536e-17,2.171235311200361e-38,-1.770254428120361e-58
206,206,0.0199027264,0.0050041976,-2.076944513756306e-17,2.0824421383959174e-38,-2.2444822602177866e-58
207,207,0.019717944,0.0048889888,-2.0873759702445757e-17,2.329859145304223e-38,-4.695248731078633e-59
208,208,0.0198290382,0.0048885868,-2.0911690253247183e-17,2.1272112980165616e-38,-3.52825556632134e-58
209,209,0.0194297956,0.0046599883,-2.106008066500626e-17,2.247124372033064e-38,-2.3139494313554612e-58
210,210,0.0196024918,0.0048219061,-2.1114012147210524e-17,2.911122575584362e-38,-3.620037236490946e-59
211,211,0.0194153091,0.0047929168,-2.1170948933215268e-17,2.487223492733228e-38,-1.4218459532928388e-58
212,212,0.0196624007,0.0051478912,-2.1223435941399574e-17,2.3888451443944733e-38,-1.5354369962261128e-58
213,213,0.0195635695,0.0049849636,-2.1303059553053635e-17,2.3466776501024046e-38,-2.4559417697399507e-58
214,214,0.0192145397,0.0046388204,-2.1437141760100646e-17,2.366973424243083e-38,-2.858411497536416e-58
215,215,0.0193391641,0.0049235361,-2.1482907547846435e-17,2.2653584148536854e-38,-7.409604413751392e-59
216,216,0.0193781226,0.0048823089,-2.1554345213292286e-17,2.4497036489305594e-38,-1.4938640267775188e-58
217,217,0.0191337134,0.0048871879,-2.165118458889888e-17,2.3087733122043162e-38,-6.70931054994058e-58
218,218,0.0191589081,0.00485761,-2.1708348422078993e-17,2.3472638179540975e-38,-2.2771849162608005e-58
219,219,0.0192703932,0.0050639305,-2.1780332513683188e-17,2.4455938114034736e-38,-3.8698997202603274e-58
220,220,0.0190778036,0.0049752847,-2.1899118759354406e-17,2.455186984422838e-38,-3.0023993776819434e-58
221,221,0.0188416804,0.0047428691,-2.1960265811340284e-17,2.748122341696452e-38,6.2229251795881575e-58
222,222,0.0189530046,0.0049719755,-2.2028093618012843e-17,2.4023039978076813e-38,-4.433077440155848e-58
223,223,0.0190194846,0.005036843,-2.210152652661253e-17,2.5171126071527487e-38,-3.9986676429655726e-58
224,224,0.0186424441,0.0045466902,-2.2242068207915644e-17,2.3062328786665333e-38,-3.503590228198716e-58
225,225,0.0186734162,0.004893268,-2.2312327733489e-17,2.377189881305881e-38,-2.227969450566121e-58
226,226,0.018704306,0.0049218356,-2.2343796678962657e-17,2.6092559851074526e-38,-3.3906096488161246e-59
227,227,0.0188131609,0.0050089302,-2.2425503832167275e-17,2.3928562856072236e-38,-2.0099916510189982e-58
228,228,0.0185355481,0.0046721053,-2.2536707830153255e-17,2.472148681157761e-38,-2.9720430138795792e-58
229,229,0.0184711017,0.0046768438,-2.2600957666294498e-17,2.439179695411021e-38,-3.533741252649775e-58
230,230,0.0186290025,0.0048511442,-2.2695064092220198e-17,2.6210269047719134e-38,-6.933449389561932e-58
231,231,0.0184610463,0.0047824958,-2.2743183011856316e-17,2.597831554731519e-38,6.937483873645872e-58
232,232,0.0182964647,0.0050233282,-2.283762592946216e-17,2.327021955915183e-38,-2.3903509203223196e-58
233,233,0.018358776,0.0048568153,-2.2914052412778962e-17,2.744838649976637e-38,-1.8195054349312898e-58
234,234,0.0184188294,0.004828896,-2.3006771467607785e-17,2.9818815075937453e-38,-2.099448560353954e-58
235,235,0.0182116851,0.0047317658,-2.306672380575854e-17,2.932605521650259e-38,9.054288980199494e-59
236,236,0.0182810757,0.0049860756,-2.3114657961603155e-17,2.4374932980101933e-38,9.764653095738745e-59
237,237,0.0182897541,0.0046094893,-2.3247124320500443e-17,2.7496954552265874e-38,-5.0557502123028216e-58
238,238,0.0178692376,0.0045702037,-2.3386583872170862e-17,3.018405721131396e-38,-5.280208978958383e-58
239,239,0.0179813656,0.0044742088,-2.34015837993426e-17,2.684647879579585e-38,-3.199637421283654e-58
240,240,0.0179980859,0.0047900959,-2.3489277852375595e-17,3.155500875624976e-38,-2.4098675141319058e-58
241,241,0.0181004032,0.0047382876,-2.3533606575149155e-17,2.563402765385861e-38,6.584154997935974e-59
242,242,0.0179366442,0.0047061978,-2.3634236492219128e-17,2.6038145700095375e-38,-5.836309850362411e-58
243,243,0.0178319186,0.0046011351,-2.3769352606342584e-17,3.0135915239332666e-38,-7.509230336019689e-58
244,244,0.0179754755,0.0048105575,-2.37794761057769e-17,2.7703544556367005e-38,2.6193060615566806e-58
245,245,0.0177546527,0.0047050343,-2.3876041843140053e-17,2.62576037207417e-38,-6.235710864069666e-58
246,246,0.0177027801,0.0047859155,-2.3930147956502595e-17,2.8583769031243e-38,-2.392288754075416e-58
247,247,0.0176700521,0.0047420503,-2.4025407812997192e-17,2.593187376261835e-38,-1.6789050461615185e-58
248,248,0.0175624385,0.0046886805,-2.4136518978134966e-17,2.7031089102488863e-38,-3.822685318854735e-59
249,249,0.0174498525,0.0045133141,-2.422043418945933e-17,3.111956609782603e-38,-1.6837949141101223e-58
250,250,0.0174064505,0.0045061826,-2.4291821554877106e-17,2.9402800859911406e-38,-6.11342717302691e-58
251,251,0.017421828,0.0045722313,-2.4351029103236642e-17,2.890101922996448e-38,-3.1367680173144316e-58
252,252,0.0173866649,0.0046893906,-2.4453811237239857e-17,2.671578707495123e-38,-2.7557867075706514e-58
253,253,0.0174603192,0.0047809534,-2.4488527253454474e-17,3.019514601055718e-38,-3.0264451395279553e-58
254,254,0.0173922542,0.0046837782,-2.4574127467808266e-17,2.6727517026657827e-38,-3.259136254820164e-58
255,255,0.0172180682,0.0046192849,-2.4704205901240788e-17,2.689941238984661e-38,-2.7922181130678237e-58
256,256,0.0174671627,0.0048767855,-2.4715026874096144e-17,3.1362472536865907e-38,-5.950767382049484e-58
257,257,0.0172298779,0.0045358477,-2.483204247211226e-17,3.017058401284327e-38,1.1436877877059796e-58
258,258,0.0170952647,0.004540577,-2.4936776998567122e-17,2.6636289575405364e-38,-1.7492267723788178e-58
259,259,0.0169413514,0.0046341167,-2.5014875323843132e-17,2.9635096131913303e-38,-1.1927173342864054e-58
260,260,0.0171365401,0.0049468091,-2.503958121951463e-17,2.7140299488008165e-38,-4.7906815474543506e-58
261,261,0.0170463552,0.0045997739,-2.5151944953416793e-17,2.8680618458236116e-38,-2.896814554700925e-58
262,262,0.0165825322,0.0044448203,-2.5288530408964564e-17,2.813874230119238e-38,-5.88835557321881e-59
263,263,0.0168200262,0.0044984396,-2.5315241756180607e-17,2.747764245424692e-38,-6.0001058156159444e-58
264,264,0.0167537612,0.0046417531,-2.542507933699843e-17,2.914166326185712e-38,-4.6328894181894195e-58
265,265,0.0168086289,0.0045859834,-2.5481857694207763e-17,3.6288091239488064e-38,3.1053958231735414e-58
266,266,0.0167839641,0.0045466166,-2.5544337821809085e-17,3.1021873958981937e-38,1.306824768722765e-58
267,267,0.0166154575,0.0046162268,-2.5647726635278327e-17,2.8159713552757977e-38,-2.6741493263168522e-59
268,268,0.0165404863,0.0045922504,-2.5715310247700086e-17,2.8674385635677233e-38,-4.926924701622625e-58
269,269,0.0166415594,0.0046356561,-2.579206399576549e-17,3.066405868887383e-38,-4.9687536607096065e-59
270,270,0.0163754455,0.0044457398,-2.5914030765515534e-17,3.448531457141892e-38,-2.8562659919801177e-58
271,271,0.0162746144,0.0044796325,-2.597782576159014e-17,3.16701758458381e-38,-3.343715716004793e-58
272,272,0.0163162,0.0043431183,-2.6059044324043164e-17,3.053301428787352e-38,-1.9394606300193704e-58
273,273,0.0167122095,0.0045735085,-2.6074267115890424e-17,3.1990552752397795e-38,-8.455505418663415e-59
274,274,0.0163224962,0.0045668475,-2.6222362950754875e-17,3.3459882786589056e-38,-4.552059484120292e-58
275,275,0.0162619787,0.004376744,-2.6282539868036094e-17,3.5813534150628664e-38,4.8236479795820124e-58
276,276,0.0161218999,0.004429094,-2.6359199138464884e-17,3.068196612715956e-38,-1.1568958958198211e-57
277,277,0.0163363047,0.0046267671,-2.6428531742057485e-17,3.020868418671765e-38,-5.3860427633849205e-59
278,278,0.0162311951,0.0044846305,-2.649742691840857e-17,3.2147928968835056e-38,-5.135565664028983e-58
279,279,0.0160819157,0.0043491653,-2.657657599663053e-17,3.1437609067212563e-38,-9.136560076308463e-59
280,280,0.0162022862,0.0046594618,-2.6681444903680122e-17,3.2163381267209654e-38,-4.533944823037942e-58
281,281,0.0161858863,0.0045107001,-2.6755948732100717e-17,3.9938613552958474e-38,-6.715120306819202e-58
282,282,0.0159314557,0.0042516146,-2.6861023429347968e-17,2.8728394789077264e-38,-3.2802926426487516e-58
283,283,0.0159591655,0.0043884718,-2.6926075814772224e-17,3.4609146835186017e-38,2.393851146937296e-58
284,284,0.0161103157,0.0044473208,-2.6980843744229333e-17,3.578501999988429e-38,5.7214493788721396e-58
285,285,0.015907209,0.0043255964,-2.7081657843095426e-17,3.345254530370427e-38,-3.70151406456249e-58
286,286,0.0156984428,0.0044672472,-2.7138512577762582e-17,3.566962591987286e-38,1.2583468200208938e-58
287,287,0.0156904297,0.0042565159,-2.7262866405185466e-17,3.375913270330398e-38,1.748612812086373e-58
288,288,0.0154564352,0.0041171205,-2.7359389517644708e-17,3.188435998221148e-38,-1.0116834555745724e-57
289,289,0.0155501545,0.004351915,-2.7454483298607086e-17,3.304302178062902e-38,-4.9111163268656626e-58
290,290,0.0156592072,0.0044080411,-2.7484804908790395e-17,3.499621334364927e-38,1.2264086104972418e-58
291,291,0.0156160607,0.0042808899,-2.75900490188292e-17,3.020710721790617e-38,-4.3889845817803395e-58
292,292,0.0153675118,0.0042736897,-2.765047954657763e-17,3.591368231999186e-38,-5.473721645032794e-58
293,293,0.0157973567,0.0045367475,-2.767571871478816e-17,3.642504044186154e-38,5.487074579054447e-59
294,294,0.0154219501,0.0044536852,-2.7825051947638433e-17,2.9479888681606053e-38,-1.1175626681527978e-60
295,295,0.0154971129,0.0043801714,-2.7885421673295305e-17,3.3904400875488677e-38,-7.801147543970156e-58
296,296,0.0153588531,0.004317658,-2.7947101525935663e-17,3.398483966118494e-38,-3.381777589182774e-58
297,297,0.0155297443,0.0044639477,-2.804304156546606e-17,3.392512821730358e-38,-6.786043679477859e-58
298,298,0.0153820017,0.0044223394,-2.8109121614475685e-17,3.26452961695845e-38,7.844272841358397e-59
299,299,0.0152814215,0.0043715807,-2.8199561899183665e-17,3.6693509185654105e-38,-1.1183027177699883e-57
300,300,0.0152400675,0.004270807,-2.826585464029691e-17,3.0882417986666215e-38,-9.517916892062416e-58
301,301,0.015120051,0.0043193118,-2.837074192517783e-17,2.871409083632003e-38,-6.515479487956892e-58
302,302,0.0150780913,0.0042670406,-2.845650962084688e-17,3.5677076054957817e-38,-4.939347175713084e-58
303,303,0.0152439856,0.0043531188,-2.85037835334477e-17,3.078461533999177e-38,-2.3489013554335793e-58
304,304,0.0148890031,0.0042444493,-2.862999690433882e-17,3.6087836130017574e-38,2.7021971242827675e-58
305,305,0.0150062154,0.0042389151,-2.869451958079572e-17,3.442526166007885e-38,-6.337996896254886e-58
306,306,0.0148272996,0.0041873252,-2.881128224650218e-17,3.648331355216783e-38,4.1784679270195884e-58
307,307,0.014886523,0.0040717508,-2.885715247405662e-17,3.187894369885072e-38,-3.7655220834922956e-58
308,308,0.0147832995,0.0042987233,-2.894140115750081e-17,3.9106371667587525e-38,4.08076322459912e-58
309,309,0.0145532082,0.0041356544,-2.902938077574606e-17,3.4507246002545156e-38,-4.171492361104664e-58
310,310,0.0146868278,0.0042167205,-2.912641879404517e-17,3.42352130657733e-38,-4.18032947245012e-59
311,311,0.0147505786,0.0041068675,-2.912888530320113e-17,3.5041442570176666e-38,-7.802722741157737e-58
312,312,0.0145894924,0.0040885646,-2.9289405351030506e-17,4.3981030222887495e-38,7.303047591742891e-58
313,313,0.0145505368,0.0041357975,-2.934544913315827e-17,3.9474080748797623e-38,-4.577809879653191e-58
314,314,0.0144784603,0.0040881332,-2.945514624987548e-17,4.092266585378349e-38,-1.0872868022081938e-57
315,315,0.0144983177,0.0041420621,-2.950837003793872e-17,3.9022898379474897e-38,-3.88819942572093e-58
316,316,0.0144341258,0.0040488659,-2.959651609947281e-17,4.1955999012929356e-38,-1.561453164915371e-57
317,317,0.0144465175,0.0041887796,-2.967395612439982e-17,3.261308717573351e-38,-5.461483044669094e-58
318,318,0.0144499274,0.0041843147,-2.971058093347744e-17,3.8668149456684185e-38,-5.146497611693318e-58
319,319,0.0142800905,0.0040932264,-2.986866066850594e-17,3.9924093777829276e-38,-8.833449906261753e-59
320,320,0.0143527808,0.0041220115,-2.996827918849387e-17,3.781123304396145e-38,-1.19516143426167e-57
321,321,0.0142722647,0.0041514023,-3.000476713022319e-17,3.8180276579714864e-38,1.5215203361373655e-57
322,322,0.0141970816,0.0040159952,-3.011623886025472e-17,3.585951387297966e-38,1.624300152742366e-58
323,323,0.0140670504,0.0042093593,-3.0163375041518306e-17,3.9210489504415885e-38,-7.635877807372551e-58
324,324,0.0143455379,0.004081049,-3.0240572516040816e-17,3.7044102928016083e-38,-1.8760994695873228e-58
325,325,0.0139505191,0.0041370442,-3.0319440113429226e-17,3.3791623377475733e-38,-2.3197921291851205e-58
326,326,0.0139005806,0.0039195431,-3.047399984648327e-17,4.101039055314417e-38,1.2890943674225953e-58
327,327,0.0139181371,0.0040188587,-3.051082663057441e-17,3.683600280278773e-38,5.0943437750548794e-58
328,328,0.0137156681,0.0038771372,-3.0600625686216585e-17,4.087011135330392e-38,-8.697044313345456e-58
329,329,0.0141987771,0.0042008962,-3.056995192654114e-17,4.3803957261154366e-38,-1.3918681418336447e-57
330,330,0.0138663378,0.0040512947,-3.066463397626725e-17,4.15520619514368e-38,3.3754352048678315e-58
331,331,0.0137793308,0.0039476745,-3.0844883233722377e-17,3.5020124055572124e-38,-3.503050774457264e-58
332,332,0.0137008276,0.0039978359,-3.091706871817867e-17,3.67347130491749e-38,-3.243140438676803e-58
333,333,0.0136905563,0.0038889803,-3.100318945158348e-17,3.8213156510720456e-38,-1.4243843175488014e-58
334,334,0.0136600346,0.0039561321,-3.1062340496050144e-17,4.098282449456378e-38,6.439734426800486e-59
335,335,0.0134293113,0.0039393454,-3.114606943802454e-17,3.9311455323393336e-38,-1.2286716390908858e-57
336,336,0.0135400833,0.0039998563,-3.12015363000654e-17,3.875412771975304e-38,-3.820502497402813e-58
337,337,0.0136290286,0.003958751,-3.1286808233004876e-17,3.618591364073578e-38,-1.106046288271876e-59
338,338,0.0134137484,0.003873346,-3.1427420318183455e-17,3.9379571796346325e-38,1.4058999442815854e-59
339,339,0.0134816942,0.003883416,-3.1480871877794625e-17,3.5461528046523616e-38,-4.8281406777842125e-58
340,340,0.0133901318,0.0036958289,-3.157587577671058e-17,4.484256573170124e-38,-5.992012834386568e-59
341,341,0.0134697292,0.0039288578,-3.160807448045446e-17,4.131569678962222e-38,1.864117068802389e-58
342,342,0.0132102368,0.0039411726,-3.1745334581243265e-17,4.6096918218844523e-38,8.455816828443066e-58
343,343,0.0134741472,0.0039792822,-3.1760508814255116e-17,3.896421803450681e-38,1.578496648029248e-58
344,344,0.013363781,0.003970486,-3.1882880684985333e-17,4.252155624676149e-38,-3.1909233046678816e-58
345,345,0.0132663197,0.0039433093,-3.199274019444649e-17,4.5406035828460047e-38,-1.1122979499465296e-58
346,346,0.0132475911,0.0038877269,-3.199871848620528e-17,3.856919615991326e-38,-1.0951685151862804e-57
347,347,0.0133204782,0.0039350617,-3.208059064748152e-17,3.8856846897867796e-38,-4.8744249994217455e-58
348,348,0.012928164,0.0037448442,-3.226989517939705e-17,4.0515373420921693e-38,-8.179416238407179e-58
349,349,0.0130091702,0.0037471839,-3.227908984606677e-17,4.637762933166219e-38,-6.579826054535039e-59
350,350,0.0132693207,0.0038128892,-3.2353578348348174e-17,4.216056284242735e-38,-2.17029066914385e-58
351,351,0.0131133325,0.0039871723,-3.2397290430428876e-17,4.2946436335253245e-38,-1.0388012034939441e-57
352,352,0.0126022075,0.0037294032,-3.257746588566951e-17,6.06784275429938e-38,-8.307599395739329e-58
353,353,0.0129325954,0.0038576123,-3.257915477963316e-17,4.3251273077388984e-38,-1.2445203917556384e-57
354,354,0.0129785329,0.0039491667,-3.265758873018179e-17,4.048329602716275e-38,-1.2736635919006025e-57
355,355,0.0127545362,0.0038246064,-3.282295786269487e-17,3.89826682209871e-38,3.6620868103400326e-58
356,356,0.0128618112,0.0036542142,-3.283224779219715e-17,4.319187247715528e-38,3.0400207147884663e-58
357,357,0.0125746149,0.0036000521,-3.298404679118934e-17,4.195540447869976e-38,-3.194027013169309e-58
358,358,0.0123713023,0.0036642788,-3.306813930358909e-17,4.996323880766e-38,-1.442220621981476e-57
359,359,0.0126141499,0.0037239709,-3.3136426583858153e-17,4.119720320290529e-38,-4.916094068729284e-58
360,360,0.0124174675,0.0036105927,-3.3248993190441664e-17,4.644349844586025e-38,-1.3088112501538412e-57
361,361,0.0125202646,0.0037731875,-3.324860215522054e-17,4.4596026909200817e-38,-7.489368321502828e-58
362,362,0.0125663284,0.0038280947,-3.3343924619485126e-17,4.837611470563971e-38,-4.050062692860574e-58
363,363,0.0123860775,0.0038764675,-3.338988336903754e-17,4.096787982399886e-38,-6.1710329444667704e-58
364,364,0.0124474419,0.0037295675,-3.3533810110293544e-17,4.6941071897148386e-38,2.8266941648842293e-58
365,365,0.0124313332,0.003692532,-3.355528597253526e-17,4.5013811004444875e-38,4.311298915339266e-58
366,366,0.0121933629,0.0036213942,-3.368769725823919e-17,3.9902997267594564e-38,-6.573983014407697e-58
367,367,0.012409985,0.0037755286,-3.371670505695708e-17,3.9438749365184326e-38,-1.5838431851862242e-58
368,368,0.0124724169,0.00369461,-3.381434458367246e-17,4.202413144327124e-38,-1.466552849864033e-57
369,369,0.0120471854,0.0035565147,-3.40010681566648e-17,4.360051427969934e-38,9.691127525445657e-59
370,370,0.012250989,0.0036335487,-3.3986665229013736e-17,5.016775778962014e-38,1.8802330699827925e-57
371,371,0.0121573933,0.0036059281,-3.408952050016805e-17,4.5521920334281954e-38,3.405018838325447e-58
372,372,0.0121767726,0.0036263818,-3.4156684903148437e-17,4.71395922849051e-38,1.0934358167111542e-57
373,373,0.0122599927,0.0038277603,-3.421300165785429e-17,4.472198375166881e-38,3.476892603210104e-58
374,374,0.011980221,0.003497876,-3.4379618286910957e-17,4.74976111619524e-38,-4.1062195540526544e-58
375,375,0.0120014907,0.0035679501,-3.4423856769576754e-17,4.110853094849942e-38,5.0465743884709406e-58
376,376,0.0118649976,0.0034864744,-3.451778066147969e-17,4.397391427687392e-38,2.2342762770251526e-59
377,377,0.0118292221,0.0034517072,-3.4607935069703964e-17,4.5828947171466677e-38,-2.8008401717954438e-58
378,378,0.0117488281,0.0034653271,-3.470007701330898e-17,4.833340010467353e-38,-5.7635304888314046e-58
379,379,0.0118333504,0.0034884539,-3.4807535045698495e-17,4.5401356549063214e-38,-1.6485846107314134e-58
380,380,0.0118120232,0.003733786,-3.4846955452679654e-17,4.688019401700965e-38,-7.029900374243961e-58
381,381,0.012049116,0.0037020521,-3.4846996603297846e-17,3.580234363938855e-38,-7.247007783474164e-58
382,382,0.011696322,0.0034302364,-3.498274509096412e-17,3.901470033871055e-38,-1.1678635629783938e-58
383,383,0.0116874617,0.0034398257,-3.5043979691893256e-17,4.2540967871439387e-38,-4.509148722870564e-58
384,384,0.0116224727,0.0034317686,-3.515648524350397e-17,4.529468705104971e-38,-1.1746382983297448e-57
385,385,0.0117621896,0.0036156344,-3.518633059543196e-17,4.5984264550491005e-38,-2.9576053423409692e-58
386,386,0.0116202881,0.0035768942,-3.5320268293143213e-17,4.5359212678897946e-38,-4.760281667820885e-58
387,387,0.0116657259,0.0034176663,-3.5382127902658426e-17,5.325033307566477e-38,-5.2404695034644164e-58
388,388,0.0110852221,0.0033158735,-3.5583045967272557e-17,5.237291525450385e-38,1.0459403472586968e-57
389,389,0.0113644396,0.0036207421,-3.5514726196192114e-17,4.4499994150895927e-38,9.613805967854425e-58
390,390,0.0113722371,0.0034467422,-3.566212527094717e-17,4.6298588686548055e-38,4.476653283433177e-58
391,391,0.0112984064,0.0034276263,-3.5708257202748815e-17,4.708035672742183e-38,8.18049390392203e-58
392,392,0.0112766785,0.0033929047,-3.580964879860854e-17,4.824593952338849e-38,-4.45172714629679e-58
393,393,0.0111425374,0.0033065397,-3.5971944891787947e-17,4.789349989205787e-38,8.524155859508653e-58
394,394,0.0113238216,0.0033596802,-3.596923033726091e-17,5.124828156815249e-38,-2.731991645700456e-57
395,395,0.0113198393,0.0034114044,-3.6032670007313594e-17,4.5925953998129506e-38,-9.07142854440496e-58
396,396,0.0109535508,0.0033986925,-3.6230030975063984e-17,6.587412615823301e-38,3.303719915525391e-57
397,397,0.01104942,0.0034226178,-3.621111928739565e-17,4.46883475647537e-38,-1.824069514152567e-58
398,398,0.0109706149,0.0033176891,-3.628377337868553e-17,5.024336746799985e-38,-1.0895808263938739e-57
399,399,0.0109492038,0.0034581739,-3.638513102257683e-17,4.924747650946618e-38,1.021391103549834e-57
400,400,0.0108464055,0.0033748998,-3.6497872697038764e-17,4.705792812938765e-38,-1.97523908348163e-57
401,401,0.0110931287,0.0034189833,-3.652337987057417e-17,4.677599524185253e-38,4.0303906542644136e-58
402,402,0.0110401536,0.0033597915,-3.6619943849486985e-17,5.381591557118602e-38,-9.829545139331954e-58
403,403,0.0106465363,0.0033338136,-3.6760737479032504e-17,4.333308520468729e-38,-1.467398849356223e-57
404,404,0.0107513971,0.0033060491,-3.680033865682123e-17,4.75513720030237e-38,-1.1592038224456828e-57
405,405,0.0107437999,0.0034014929,-3.6865946460565666e-17,4.224005815757608e-38,-7.637832193775323e-58
406,406,0.0107755982,0.0032785858,-3.6945955947105345e-17,4.438497298536579e-38,3.378004819696827e-58
407,407,0.0104857223,0.0031707905,-3.7060314012512513e-17,5.201672738276072e-38,1.0508351975077574e-57
408,408,0.0105978034,0.0034586521,-3.7148147924359137e-17,4.518150250217565e-38,-8.636986162274005e-58
409,409,0.010822794,0.0032277345,-3.721145639564833e-17,4.768513382511583e-38,8.3392423538577e-58
410,410,0.0104428657,0.0031232132,-3.73699026029786e-17,4.778872427184053e-38,-1.0774288623499471e-57
411,411,0.0104555742,0.0032312363,-3.7431098974333723e-17,4.607401700228405e-38,-1.088600909795155e-57
412,412,0.0105943918,0.0032097659,-3.747019160321285e-17,4.6997393208666263e-38,3.525701483495433e-58
413,413,0.010491048,0.0033654656,-3.750578999896333e-17,4.905689922895853e-38,-3.9308975466401034e-58
414,414,0.0103587737,0.0030853336,-3.762541604513225e-17,4.785619987431752e-38,9.320210993858095e-59
415,415,0.0102922542,0.0030662344,-3.77186768205346e-17,5.543204753773216e-38,8.458342315392402e-59
416,416,0.0104013241,0.0032264091,-3.774157629048056e-17,4.5386879387895854e-38,-1.61312398917532e-57
417,417,0.0104580196,0.0032578225,-3.784934104276576e-17,4.336639616873719e-38,-7.632591554969583e-58
418,418,0.0101254043,0.003208487,-3.7962441771423626e-17,4.785494421236468e-38,5.932601651921469e-58
419,419,0.0099692747,0.0031240049,-3.8108533628393335e-17,4.458635421853191e-38,-3.9516721739294955e-58
420,420,0.0099724904,0.0031485308,-3.813310269632291e-17,4.53157531169121e-38,-1.5169646726939652e-57
421,421,0.0099892668,0.0031731467,-3.8236246290243983e-17,4.6843678653196945e-38,8.593955820428668e-59
422,422,0.0101855041,0.0030901935,-3.829287951623128e-17,4.248354114497791e-38,-9.707533334758078e-59
423,423,0.0099537047,0.0031829899,-3.840262738800284e-17,4.920730465778955e-38,-2.786573415955455e-57
424,424,0.0098008558,0.0030702014,-3.8533279404501237e-17,4.2317519606717354e-38,-1.3224187073103958e-58
425,425,0.0099630649,0.0032361276,-3.8554608968869854e-17,4.5817822330354837e-38,-7.862288187212019e-58
426,426,0.009875464,0.0030813575,-3.861871350697002e-17,4.674337619098574e-38,-4.346891562437883e-58
427,427,0.00977099,0.0029825309,-3.873865061313167e-17,6.07300251689039e-38,1.96969585059034e-57
428,428,0.0094739301,0.0028799292,-3.890113298105952e-17,6.015058043745865e-38,-9.234965695521179e-58
429,429,0.0095721449,0.0029046702,-3.895500630777666e-17,5.999325725260755e-38,3.603390835477075e-58
430,430,0.0095604493,0.0030684719,-3.9038687885875605e-17,6.212183169996935e-38,2.617046979040694e-57
431,431,0.0096170712,0.0031285089,-3.90907486390211e-17,4.73519347232049e-38,4.025695726038239e-58
432,432,0.0095925689,0.0031181057,-3.9095533433051434e-17,5.654254494313639e-38,9.833066871265386e-59
433,433,0.0093538478,0.0030241514,-3.9327152248088965e-17,4.931568116004874e-38,1.186549518457239e-58
434,434,0.0092663086,0.0029563437,-3.932964759159891e-17,5.841375411964093e-38,-2.0227539104986243e-57
435,435,0.0094756247,0.0030471482,-3.938378697397438e-17,5.575401978667153e-38,-3.198799251659888e-58
436,436,0.0094838118,0.0029770684,-3.942837758406698e-17,4.782490578091265e-38,-6.861271949446932e-59
437,437,0.0093748591,0.0029726641,-3.955558682500563e-17,5.520882774949039e-38,-1.821506511941329e-57
438,438,0.0092366747,0.002875778,-3.965283187955714e-17,5.019158101421371e-38,-2.0914641791024415e-58
439,439,0.009194196,0.0029524814,-3.9715865089847344e-17,4.824818124718565e-38,2.133948792341073e-57
440,440,0.0093037625,0.0028477076,-3.9818954707561715e-17,5.102956558413637e-38,-7.116639203939575e-58
441,441,0.0092756812,0.0030204496,-3.988716433918933e-17,5.895900775032132e-38,2.1226817827626805e-57
442,442,0.0090700088,0.0028312491,-3.99891884881452e-17,4.5316028819134873e-38,-4.535621278382928e-58
443,443,0.0089718727,0.0029830489,-4.006852204401222e-17,5.298126980097823e-38,7.592342611243173e-58
444,444,0.0091420062,0.0029616937,-4.013453575262076e-17,6.008529054772287e-38,-1.3097534155104795e-58
445,445,0.0090034242,0.0028160861,-4.026114902052526e-17,5.64116193537546e-38,1.6323908111318403e-57
446,446,0.0092091195,0.0029157626,-4.0274214928222266e-17,5.015444778383354e-38,-1.572292397104616e-57
447,447,0.0090317436,0.0029535517,-4.034691703138692e-17,5.02652194732828e-38,-2.495710710698003e-57
448,448,0.0090006324,0.002940196,-4.0403030364522083e-17,4.864691633588816e-38,-6.035029933836116e-58
449,449,0.0087750108,0.0028201318,-4.058294332746012e-17,5.201500708499588e-38,-1.2871119827133882e-57
450,450,0.0089226898,0.0029678547,-4.060286710024994e-17,5.304570240036414e-38,-1.744117899840817e-57
451,451,0.0087647665,0.0028558147,-4.075749951140395e-17,5.403872218524134e-38,-2.1331422802327134e-58
452,452,0.0086571014,0.0028537212,-4.0797315921632415e-17,5.639721838494116e-38,-1.2382842139569406e-58
453,453,0.0086484751,0.0027014725,-4.0939028710871693e-17,4.320190443256025e-38,7.981955271706449e-58
454,454,0.0086655353,0.0027775458,-4.098811319190443e-17,6.214224110303679e-38,-1.8705384164019e-58
455,455,0.0086013389,0.0027181679,-4.106683598909241e-17,6.346660008427942e-38,-2.507124162719584e-57
456,456,0.0086275132,0.0028793635,-4.1078289807330597e-17,5.145060737997302e-38,4.461664646908312e-58
457,457,0.008690344,0.0029164967,-4.111440349001774e-17,5.022563898974284e-38,-4.265326537815094e-58
458,458,0.008409594,0.0026695993,-4.133236993915095e-17,5.605338764902921e-38,6.9150169078154735e-59
459,459,0.0085113931,0.0028424286,-4.138268662210625e-17,5.178181227850739e-38,-8.142966151467465e-58
460,460,0.008354425,0.0027343047,-4.1424177726915016e-17,4.604020033045311e-38,6.595281396882552e-58
461,461,0.0084076666,0.0026713281,-4.158622908563301e-17,5.057008332469368e-38,-1.2343527551893457e-57
462,462,0.0084574473,0.0027394875,-4.164252132372734e-17,4.799191748091031e-38,1.1069167143613746e-57
463,463,0.00832746,0.0029583127,-4.161799647767081e-17,4.77076316471573e-38,-2.808662829414159e-58
464,464,0.0083101515,0.0026579937,-4.1807129158407466e-17,6.308952667332763e-38,-1.1030928923721898e-57
465,465,0.0081232585,0.0026963338,-4.1870300007456355e-17,5.523028143636909e-38,-5.197957444083522e-58
466,466,0.0083069372,0.002720518,-4.196764459058301e-17,5.839331281479603e-38,-2.2442646640781067e-57
467,467,0.0080315515,0.0026966147,-4.2124645549646715e-17,5.944591438205086e-38,4.7369693005347744e-58
468,468,0.0078764512,0.0026676531,-4.216917350838856e-17,5.765949437655013e-38,-6.537522526046704e-58
469,469,0.0079867823,0.0025839152,-4.225870304522448e-17,5.271910362769925e-38,1.7427173174323868e-57
470,470,0.0076797704,0.0025519956,-4.2441658691617196e-17,5.617432807015854e-38,-7.930561984236636e-58
471,471,0.0079722108,0.0025610881,-4.2403553695297134e-17,6.47976957955732e-38,1.0337606156184407e-57
472,472,0.0077413136,0.0026546176,-4.251746116805582e-17,5.737501672570103e-38,1.2635628735294901e-57
473,473,0.0077426996,0.0026865726,-4.2589932577766345e-17,5.957600068585221e-38,3.3852236853637893e-57
474,474,0.0076339104,0.0025777607,-4.269476652800401e-17,5.356724871309497e-38,-1.921564409885458e-57
475,475,0.0075447475,0.0026761137,-4.272122272418695e-17,5.713566587889743e-38,5.8517917126518014e-58
476,476,0.0075974164,0.0024608089,-4.289253279926684e-17,4.5715703563301955e-38,-1.4433343165238665e-57
477,477,0.0075327237,0.0024713502,-4.2981374521604034e-17,5.26833074444014e-38,-1.3361801859003328e-57
478,478,0.0076509418,0.002530914,-4.2957614915074776e-17,5.837107366249556e-38,8.155949059258416e-58
479,479,0.0074846119,0.0025686703,-4.308724155657397e-17,4.990401544277341e-38,1.9256605150060616e-58
480,480,0.0074856091,0.002595783,-4.319023708308491e-17,5.279802714345436e-38,-1.5929083133422365e-57
481,481,0.0072808013,0.0024275244,-4.3265987966144004e-17,5.675534937031308e-38,7.266848107940327e-58
482,482,0.0073152024,0.0024437536,-4.3347813882104876e-17,5.720617654434438e-38,-1.4177529704682605e-57
483,483,0.0071559318,0.002385771,-4.3462213364232797e-17,4.985873197178061e-38,-6.296565488268721e-58
484,484,0.0072925145,0.0025554746,-4.3464043411310965e-17,4.6395909308275006e-38,-4.3304326981299535e-58
485,485,0.0071351721,0.0023768425,-4.366971077057457e-17,4.947950656939776e-38,7.633911185540879e-59
486,486,0.0071172168,0.0025359866,-4.374037732507557e-17,5.446439176070357e-38,1.8180870689159168e-58
487,487,0.0071525702,0.0024528135,-4.3818905627258764e-17,4.910745192223839e-38,-1.2645010474945896e-57
488,488,0.0071312692,0.0024347526,-4.3884254351002416e-17,4.937505204837595e-38,-1.8266651403075196e-57
489,489,0.007030744,0.0024330574,-4.389372523600064e-17,5.4995058080665e-38,-4.402123811967656e-58
490,490,0.0070618395,0.0025127718,-4.398286918513116e-17,5.965609659372528e-38,2.41983746393725e-57
491,491,0.0068124256,0.0023611433,-4.410481358786863e-17,5.02515224578374e-38,5.396887076116112e-58
492,492,0.0068848654,0.0023781857,-4.4261288847625555e-17,5.980959998795323e-38,2.9163096409162035e-58
493,493,0.0066892338,0.0023869764,-4.428302522050921e-17,5.641331681678621e-38,-3.44542651279553e-58
494,494,0.006764853,0.0023479538,-4.4312760296883884e-17,5.402938643278545e-38,1.5059853037631344e-58
495,495,0.0067248892,0.0023061212,-4.451905978600835e-17,6.667872665744802e-38,-5.762314546061435e-58
496,496,0.0066438118,0.0022979503,-4.456238066087887e-17,6.43280109762297e-38,-6.307867244545718e-58
497,497,0.0065596905,0.0023071237,-4.465028471186838e-17,5.620883999078294e-38,-3.730552615168267e-57
498,498,0.0063964636,0.0023238934,-4.4780051602273683e-17,5.732153242811054e-38,-1.338633332573819e-57
499,499,0.0065136529,0.0024034967,-4.482706260738196e-17,6.099219922551308e-38,-6.976244614561101e-58
500,500,0.0062514725,0.002329905,-4.494564631884339e-17,5.761761898282031e-38,-1.466469282268558e-58
501,501,0.0064445816,0.0022769129,-4.494129480552061e-17,5.713321524496825e-38,1.2607141605385455e-57
502,502,0.006227948,0.0023179635,-4.505971734273421e-17,5.906208843333385e-38,-3.1983503946241915e-58
503,503,0.0061986091,0.0022060807,-4.509599743815117e-17,5.733090253872157e-38,9.102251837243648e-58
504,504,0.0062507234,0.0023620083,-4.5191872246318316e-17,4.620833882665677e-38,-3.261738436165671e-58
505,505,0.0062644504,0.0022573599,-4.530952411353635e-17,5.805800143711261e-38,2.7594043064840818e-58
506,506,0.0060917794,0.0021072643,-4.552446800091908e-17,5.993062120919731e-38,-1.0850795070871501e-57
507,507,0.0059790977,0.0022467956,-4.554648234586467e-17,5.129601595548948e-38,-1.8907048358550435e-57
508,508,0.0061896501,0.0021646218,-4.562750785052514e-17,5.843020737353117e-38,-4.242460020254716e-58
509,509,0.006067015,0.0021716985,-4.5799416828252645e-17,6.840425514991389e-38,-1.291083871520907e-57
510,510,0.005813847,0.002218791,-4.571926054024271e-17,6.092266486140139e-38,-1.3164823737268503e-57
511,511,0.0058744875,0.002193311,-4.5842122520218206e-17,4.818430213195558e-38,-1.3392923525409117e-57
512,512,0.0056507715,0.0021046978,-4.596984231448274e-17,5.096346550902703e-38,9.163051357797764e-59
513,513,0.0055857212,0.0021586136,-4.601003239318647e-17,6.335392965935898e-38,1.1430824282692366e-57
514,514,0.0057178317,0.0020418745,-4.6108353919714247e-17,5.401640314627018e-38,3.5053256411085275e-58
515,515,0.0056701736,0.002139847,-4.6215396338531566e-17,6.518731512233628e-38,-2.6881440666342074e-57
516,516,0.0057741682,0.0020773008,-4.640164343639285e-17,5.590070363328802e-38,-1.8371489813037075e-57
517,517,0.0054272347,0.0021357005,-4.631185172979417e-17,5.586510992735486e-38,-5.574730111696277e-58
518,518,0.0055565452,0.0020923259,-4.648616883534644e-17,7.48169147621987e-38,-7.855522162745337e-57
519,519,0.0052470639,0.0020556213,-4.653813793817771e-17,5.706125280591681e-38,5.840432737642625e-58
520,520,0.0053265154,0.002014221,-4.6676496088017536e-17,6.252731960218087e-38,-2.139687159028977e-57
521,521,0.0053332169,0.0020055711,-4.680470760201113e-17,4.888823050036908e-38,2.2471525111211605e-58
522,522,0.00514414,0.0019755611,-4.6893228704017e-17,5.313062349954721e-38,3.452434053059748e-58
523,523,0.0051684924,0.0019581706,-4.6922569368016627e-17,5.31404029634458e-38,5.569782274315152e-59
524,524,0.0050144393,0.0020393952,-4.694030896744573e-17,5.585374199790775e-38,-2.3481685038955165e-57
525,525,0.0050160289,0.0019482162,-4.711892334902212e-17,5.569648390347295e-38,-2.0539545636277357e-57
526,526,0.0050291258,0.0019454686,-4.716332570761477e-17,5.44832441035927e-38,-3.3940472882275816e-58
527,527,0.0049566627,0.0019284544,-4.72448760005718e-17,6.71841317929147e-38,-1.9501980030969403e-57
528,528,0.0047754157,0.0018991062,-4.7338495398862916e-17,5.455792558544129e-38,1.6943074533060782e-58
529,529,0.0045901505,0.0019034213,-4.7419132986887796e-17,5.507009598188849e-38,-4.997423040054428e-59
530,530,0.0049002919,0.0018785369,-4.753066020473897e-17,6.335663445756038e-38,1.2859336900671454e-57
531,531,0.0047950598,0.0018532315,-4.7628086101332996e-17,5.396507988970716e-38,-3.2307514216783e-58
532,532,0.0045285237,0.0018091302,-4.7737894583675234e-17,6.016253124463113e-38,-2.082537528588439e-58
533,533,0.0046146587,0.0018767319,-4.779174081252826e-17,5.371519945052616e-38,1.1267904815654829e-58
534,534,0.0045729089,0.0017827226,-4.7899671861202653e-17,5.358492105456916e-38,2.9702607359506124e-58
535,535,0.0045753512,0.0018260922,-4.795311470889854e-17,5.658576622947402e-38,-4.147733513917567e-58
536,536,0.0043679646,0.0017477967,-4.813767346763117e-17,5.887676408262381e-38,1.2549557966339894e-58
537,537,0.0043826186,0.001826067,-4.810934666253428e-17,5.782051923617997e-38,-2.0650923166680554e-57
538,538,0.0041530015,0.0017150443,-4.8238109118474165e-17,5.392614746736386e-38,-4.4270692699294246e-58
539,539,0.0044158392,0.0017622952,-4.830644366799643e-17,5.44592076669561e-38,6.842152495113705e-58
540,540,0.0043370037,0.0017975314,-4.840297961737084e-17,7.973258287846602e-38,-3.3413540129538226e-57
541,541,0.004208323,0.0016822472,-4.859831146570967e-17,6.201687247099432e-38,-6.51189846531886e-58
542,542,0.0041659567,0.001766604,-4.858065241186755e-17,5.43955229042281e-38,-6.43753077919583e-58
543,543,0.0038551607,0.0017315186,-4.872853430434868e-17,5.722694927714504e-38,5.028200477066315e-58
544,544,0.0038910747,0.0017369941,-4.8791359128700094e-17,5.902874244469096e-38,3.990640994913596e-58
545,545,0.0039071473,0.0017087306,-4.883526357349592e-17,6.108720701062483e-38,-2.720274717278698e-58
546,546,0.0039892603,0.0017459038,-4.90136358172668e-17,5.277263228309157e-38,-4.859109672657564e-58
547,547,0.0038168266,0.0016982948,-4.9094804497642286e-17,6.15114407669635e-38,-1.1959300920877219e-57
548,548,0.0039659699,0.0017837211,-4.9131819659223634e-17,6.756546286348251e-38,-1.0375124323451958e-57
549,549,0.0035841199,0.0014764322,-4.940315269687124e-17,5.655955869981983e-38,6.431279972948887e-60
550,550,0.0037536645,0.0017183927,-4.927451058699445e-17,5.711309094216301e-38,-7.485364555312543e-58
551,551,0.0036166587,0.001677,-4.94836654199931e-17,6.057462895161689e-38,-3.3852182601082796e-57
552,552,0.0034827966,0.0015081436,-4.9569700872614676e-17,5.632608911840824e-38,-1.3520285827356612e-57
553,553,0.0034781236,0.0015504393,-4.965359733494551e-17,6.468664049405714e-38,-4.835674945891561e-58
554,554,0.0032162379,0.0016139037,-4.9664351077134995e-17,6.079913487150024e-38,-1.1122489193690153e-57
555,555,0.0033175933,0.0015986872,-4.9780163005017843e-17,5.815121071996281e-38,5.673611220286241e-58
556,556,0.003388879,0.0017240664,-4.9890046983340566e-17,6.100119112170008e-38,-7.86662541170975e-58
557,557,0.0031372291,0.0014818475,-4.999090091672875e-17,6.042256154072717e-38,-1.698373719671233e-57
558,558,0.0032925718,0.0015109167,-5.0167099997512914e-17,6.297714993778052e-38,-2.2939524016430742e-57
559,559,0.0031638945,0.0015116025,-5.0099586526585736e-17,6.606710211686079e-38,1.3500237445621339e-57
560,560,0.0030074322,0.0015341148,-5.029691334018546e-17,5.775822667168702e-38,1.6246922743651647e-58
561,561,0.0030263063,0.001522466,-5.0382591566647344e-17,6.369665133151171e-38,-4.996883127651481e-58
562,562,0.0030855889,0.0015203854,-5.0518296463652e-17,5.789887298863224e-38,2.0496247674296674e-57
563,563,0.0031716655,0.0015917564,-5.0575943748195774e-17,5.858903360202854e-38,2.4957967740606302e-58
564,564,0.0029110816,0.0015283262,-5.060330668406217e-17,6.436337495611164e-38,9.352606758075511e-58
565,565,0.0026090015,0.0015028136,-5.070012787385529e-17,5.467348130784775e-38,2.0037489246043787e-59
566,566,0.0028750994,0.0014599734,-5.075328252735074e-17,5.917636216333459e-38,2.2909289759422303e-58
567,567,0.0028561232,0.0015013932,-5.096592635180059e-17,6.749323093311478e-38,-3.00543844758742e-57
568,568,0.0026260293,0.0013706835,-5.099277961996272e-17,5.895518071594986e-38,-1.8388854535933883e-57
569,569,0.0025759329,0.0013598723,-5.11357167907736e-17,5.719704924187733e-38,7.001014550951091e-60
570,570,0.0024734033,0.0013172313,-5.1287657112716553e-17,6.779790944330326e-38,-2.678846620877121e-58
571,571,0.002498588,0.0014474662,-5.1244976968339014e-17,6.905587214005236e-38,1.700966267767503e-58
572,572,0.0024622841,0.0013772289,-5.143128099444854e-17,6.384063316233901e-38,-1.454665160911981e-57
573,573,0.002393554,0.0013264939,-5.150741152584443e-17,6.985857160855414e-38,-1.29219394764726e-57
574,574,0.0024089712,0.0014440505,-5.147608695034581e-17,7.206625297071293e-38,2.266778206812338e-57
575,575,0.002355776,0.0013221411,-5.1661360447321647e-17,6.604591273279923e-38,-1.7555699834629925e-57
576,576,0.0022479217,0.0013504228,-5.1705805091586095e-17,5.9704848833326e-38,1.055915858147102e-57
577,577,0.0022980241,0.0013014674,-5.1913078260365914e-17,5.809380828991613e-38,-3.418931776544133e-58
578,578,0.0021444319,0.0012938647,-5.2000691237515986e-17,6.246956582699239e-38,-1.4905636782118778e-57
579,579,0.0021520001,0.0013602533,-5.205215408528919e-17,6.469894192091892e-38,-2.6157464882435897e-57
580,580,0.0021092806,0.0013425504,-5.211260702936986e-17,7.25330031693277e-38,2.1915374622309265e-58
581,581,0.0021164675,0.0013558336,-5.22219891620163e-17,7.568851899510698e-38,-1.8672690877829243e-57
582,582,0.0020646952,0.0013032804,-5.230059798358491e-17,6.872075456098863e-38,-1.2879823358988952e-57
583,583,0.0019291569,0.0013069415,-5.242066007910543e-17,5.780462196592961e-38,-5.876882710276921e-58
584,584,0.0019422736,0.001229014,-5.2626140349576083e-17,6.708814971399196e-38,1.3114575645441803e-58
585,585,0.0019172251,0.0013159915,-5.263744995918174e-17,5.948358519513359e-38,-1.9744374195187393e-57
586,586,0.0017862432,0.0013017389,-5.2635010998015543e-17,6.414292637756034e-38,-2.4784568413982264e-57
587,587,0.0017121246,0.0012134128,-5.2851870751301186e-17,6.104294057646732e-38,2.203372298813394e-58
588,588,0.0017042644,0.0012206493,-5.2885901022704244e-17,6.729106043158896e-38,-2.2196183399156758e-57
589,589,0.0016468052,0.001208492,-5.2958768754488497e-17,6.948832694534034e-38,-7.290840828393033e-58
590,590,0.0015805555,0.0012351085,-5.3097571445753666e-17,6.337886522567593e-38,-3.937540177631429e-57
591,591,0.0016628372,0.0011676502,-5.321159305957465e-17,5.930280584446347e-38,-6.898292104848944e-58
592,592,0.0015966963,0.0012736112,-5.3205945852777863e-17,6.378645519395534e-38,-4.969099409529771e-58
593,593,0.001556685,0.0012030192,-5.3358732312989293e-17,6.537967981856299e-38,-3.4413054845984352e-59
594,594,0.001508086,0.0011644008,-5.3434169871576934e-17,5.864986260264626e-38,6.694651248702905e-58
595,595,0.0015267561,0.0012112395,-5.347793851105971e-17,7.100864339230503e-38,-2.334018244886878e-57
596,596,0.0013908296,0.0011533016,-5.3700294446621334e-17,6.321759180833618e-38,-1.6359846228740097e-57
597,597,0.0013872645,0.0011260009,-5.38177786823684e-17,5.165197859878156e-38,-1.9803854334617857e-58
598,598,0.0013644707,0.0012049136,-5.377820882821689e-17,6.81583403747814e-38,-1.6093615727140766e-57
599,599,0.001359248,0.0011650133,-5.396065970671695e-17,5.922930299899544e-38,3.688466863304029e-58
600,600,0.0012732511,0.0011019704,-5.405233632249598e-17,5.982933921934587e-38,-2.0625842055872204e-57
601,601,0.0012142026,0.0010964727,-5.41677356454656e-17,6.4575042444261e-38,-4.97271057130465e-58
602,602,0.0012114753,0.0011913667,-5.417891027969816e-17,6.774332063275242e-38,-8.135934097319176e-58
603,603,0.0011606013,0.0011720096,-5.431917229711711e-17,6.129883069622319e-38,-1.3812379966117823e-57
604,604,0.0012113972,0.0012107488,-5.4338562364150275e-17,6.08800256584007e-38,-4.7005435344644036e-58
605,605,0.001182504,0.001200642,-5.442082685150249e-17,6.66578427742416e-38,-8.023333164613347e-58
606,606,0.0011044329,0.0010468472,-5.4661550441429363e-17,7.148767791414011e-38,-4.311714949022688e-57
607,607,0.0010891734,0.00115519,-5.4681952705658875e-17,6.79034674663389e-38,-5.139401814494278e-57
608,608,0.0010786566,0.0011791856,-5.4743429101518936e-17,6.442481379456822e-38,-6.021816085951102e-58
609,609,0.0009660625,0.0011173867,-5.479952968802197e-17,6.262807525871843e-38,-8.275950574341781e-58
610,610,0.0009515076,0.0011876462,-5.487055701811019e-17,6.919471982507486e-38,-2.9855613998651963e-58
611,611,0.0009681653,0.0011596655,-5.4965727622543294e-17,6.029895168126103e-38,-3.299399573320535e-59
612,612,0.000857828,0.0010827802,-5.515294637231155e-17,6.57241911493334e-38,-1.423200469232864e-57
613,613,0.0008957498,0.0010911864,-5.5299287410314606e-17,6.998186737189593e-38,-1.9407882133132265e-57
614,614,0.0009423288,0.0011428971,-5.5256758562984136e-17,6.39523723847447e-38,-1.3410759589063004e-57
615,615,0.0009145938,0.0010942977,-5.5355607782233734e-17,6.606583390822341e-38,-1.156026214564245e-57
616,616,0.0008317198,0.0010667073,-5.545526169878252e-17,6.349446302603731e-38,-2.628866448162276e-57
617,617,0.0008069078,0.0010915713,-5.555234391288743e-17,5.380718191436076e-38,-3.765972647672427e-58
618,618,0.0007777446,0.001047707,-5.568276492246586e-17,6.470454635186226e-38,2.2439903871376947e-58
619,619,0.0008216766,0.0011295829,-5.573769827400104e-17,5.518235666590635e-38,-8.057143166101746e-58
620,620,0.0008565911,0.0012022164,-5.571939717763513e-17,6.244216627540986e-38,-1.476560909965881e-57
621,621,0.0007099003,0.0010696419,-5.598963464034833e-17,6.658071376348944e-38,-2.7321268834941173e-57
622,622,0.0007273157,0.0010502371,-5.605898943357952e-17,6.152118107319127e-38,-4.586463079438162e-58
623,623,0.0007396548,0.0011003184,-5.605961954611584e-17,7.074898167396918e-38,3.656580818802943e-58
624,624,0.0006653478,0.0010592609,-5.623682581017364e-17,7.74982375413895e-38,-8.042642567599544e-58
625,625,0.0005980266,0.0009825715,-5.640057968097136e-17,6.532891682035281e-38,-7.305771669094449e-58
626,626,0.000637261,0.0009752579,-5.651539323580594e-17,6.707737864189878e-38,-2.7078332526731986e-57
627,627,0.0006556165,0.0011131675,-5.650372368146216e-17,7.675996465585889e-38,-2.7467918808370454e-58
628,628,0.0005340592,0.0009980934,-5.668815291032551e-17,7.675836642227479e-38,5.47946212407837e-59
629,629,0.0006504914,0.0011328346,-5.657746546789284e-17,6.38378038018413e-38,-2.794659766032445e-59
630,630,0.0005632755,0.0011304975,-5.672617118234032e-17,9.562360539207379e-38,-8.75389091270114e-58
631,631,0.0005980812,0.0011453372,-5.683931783912718e-17,6.041148893219451e-38,-7.60683204118907e-58
632,632,0.0006274315,0.0011050573,-5.695038622963171e-17,7.452703822345345e-38,-3.039797599124125e-57
633,633,0.0005002824,0.0010951135,-5.701957470005662e-17,6.917204522646099e-38,-2.876227303708303e-58
634,634,0.0004956735,0.0010824824,-5.707806834300029e-17,6.6427193220461e-38,2.2774015803037835e-58
635,635,0.0005221222,0.0011121764,-5.7153275169485e-17,8.075100547374841e-38,-4.5723926176151884e-57
636,636,0.0004884066,0.0011126864,-5.729369518023698e-17,7.784841337351149e-38,-1.8169978457670518e-57
637,637,0.0005268493,0.0011564466,-5.735568766161626e-17,6.345284753382953e-38,2.5986898993533722e-58
638,638,0.0004347992,0.0011249764,-5.748041792749341e-17,8.141199434254245e-38,3.94686564469645e-57
639,639,0.0005098622,0.0010715375,-5.753075441098868e-17,7.145743176978359e-38,-2.9030639258563754e-57
640,640,0.000511965,0.0011527735,-5.764159049791786e-17,7.008479913786695e-38,-4.16517487277701e-57
641,641,0.0004168079,0.0010508155,-5.771519660997783e-17,6.220230950067494e-38,-2.8187732197420563e-57
642,642,0.0004085983,0.0010961803,-5.778767730390122e-17,7.021331398875895e-38,1.2433557417788753e-58
643,643,0.0003945411,0.0011196345,-5.792944901543662e-17,6.276940552563296e-38,5.763884266564177e-58
644,644,0.0003764247,0.0011168146,-5.792776215395492e-17,6.017748898907808e-38,-3.27162396881785e-58
645,645,0.0003520292,0.0010622059,-5.81039190396273e-17,6.341963619984249e-38,1.8982847588986615e-58
646,646,0.0003907021,0.001180511,-5.81033335734006e-17,7.205243427322801e-38,-9.165172376219765e-58
647,647,0.0003598925,0.0010880475,-5.825032801584964e-17,6.813337476231268e-38,7.512071419361961e-58
648,648,0.0003738604,0.001058883,-5.830632456743272e-17,7.145951763402222e-38,-3.9950345750720725e-58
649,649,0.00037826,0.0011457595,-5.841099883593302e-17,7.56712734998874e-38,-1.2452624758196696e-57
650,650,0.000309388,0.0011108233,-5.853572726356743e-17,6.891368977932678e-38,-1.3695953178892698e-57
651,651,0.0003307839,0.0011515212,-5.860187737480568e-17,7.836351427916278e-38,-4.8988610019053655e-57
652,652,0.0003347049,0.0011363541,-5.864849825108009e-17,6.614154074814325e-38,2.135659103847814e-58
653,653,0.0002835451,0.0010553593,-5.889220893360652e-17,1.0044362786078967e-37,-1.3038171894726037e-56
654,654,0.0002988135,0.0011675134,-5.880230999638284e-17,7.024930618586389e-38,-1.5049958909511153e-57
655,655,0.0003120159,0.001202357,-5.884924624523539e-17,6.455894219887026e-38,1.5919181741568066e-57
656,656,0.0002704909,0.0011067433,-5.913006620447858e-17,6.195775291252582e-38,-1.7447559924859735e-57
657,657,0.000332053,0.0011202054,-5.900299638234748e-17,7.279523939863493e-38,1.7405117952933214e-57
658,658,0.0002774362,0.0011681,-5.9077365938735e-17,6.693791677761224e-38,-1.2569879349988699e-57
659,659,0.0002837991,0.0012200048,-5.920144329695664e-17,6.749471925885075e-38,-2.1929764528085808e-57
660,660,0.0002923825,0.0012019789,-5.924564720706695e-17,6.677317638263074e-38,3.401766478544142e-58
661,661,0.0002647298,0.0011323984,-5.945710481008879e-17,7.117938288525265e-38,-1.0592826726424751e-57
662,662,0.0002366823,0.0011516209,-5.959064555597127e-17,8.143250926311056e-38,1.8441972531525053e-57
663,663,0.0002522403,0.0011390195,-5.96613755440369e-17,7.02374499514558e-38,-1.394234055684833e-57
664,664,0.0002503792,0.0010616436,-5.958278009093619e-17,6.97177743290685e-38,-2.7637909957164664e-58
665,665,0.0002445906,0.001214997,-5.969730769413054e-17,8.745847678449076e-38,-2.3919098436967295e-57
666,666,0.0002246102,0.0011984222,-5.989462759341467e-17,6.270743194265059e-38,-1.464148270454122e-57
667,667,0.000240273,0.0011637401,-5.994967448689556e-17,8.021027911818766e-38,-2.954398391220596e-57
668,668,0.0002074913,0.0011067245,-6.02253428265473e-17,7.282156323640377e-38,1.691825118435909e-57
669,669,0.0002226379,0.0012274897,-5.995300323616619e-17,7.310821194024313e-38,-1.567435789342295e-57
670,670,0.0002391862,0.0012325126,-6.019823023589099e-17,6.463019776255897e-38,-1.4868966671011764e-57
671,671,0.0002418853,0.0011410442,-6.027313549878166e-17,6.891790687963141e-38,9.082398073241844e-58
672,672,0.0002294867,0.0011958746,-6.038472456574943e-17,5.922788491916094e-38,-1.0944700351499696e-57
673,673,0.0002102337,0.0012104315,-6.025486243792667e-17,7.472421544764478e-38,2.643989273804805e-58
674,674,0.0001773786,0.0011943429,-6.045011421544692e-17,6.058738720519918e-38,-5.569238534268878e-58
675,675,0.0002092149,0.0011930675,-6.050998480554312e-17,9.066497916142854e-38,-1.0565971065435349e-57
676,676,0.0001720358,0.0012742115,-6.070030542090449e-17,7.948109807330956e-38,-8.022162480820975e-57
677,677,0.0001642545,0.001195429,-6.074447755719467e-17,8.046206846525405e-38,-3.305052051345866e-57
678,678,0.0001686594,0.0012247748,-6.079202943540387e-17,6.815300652752397e-38,-3.5476574158907496e-58
679,679,0.0001741085,0.0011470254,-6.089715988589946e-17,9.310912247660378e-38,-9.778922777533554e-58
680,680,0.0001422415,0.0011815175,-6.095608582614279e-17,7.140924427672774e-38,-3.638390991146507e-57
681,681,0.0001616136,0.0012786269,-6.098782175293148e-17,7.041542922315545e-38,-1.1273815711437544e-57
682,682,0.0001417359,0.0012631245,-6.122634250012758e-17,6.551377898341779e-38,5.43480783185066e-58
683,683,0.0001488161,0.0013034741,-6.119564476574075e-17,5.878040121384373e-38,4.997019057848731e-58
684,684,0.0001769826,0.0013064796,-6.125972888539102e-17,7.197407042944254e-38,1.2044519421813476e-57
685,685,0.0001343757,0.0012119872,-6.145299788066193e-17,7.50912784691955e-38,-4.856290611159693e-58
686,686,0.0001300948,0.0012765371,-6.148120529067536e-17,7.930280899354098e-38,3.69188012761965e-57
687,687,0.0001309952,0.0012743241,-6.150242560324849e-17,6.13941472257718e-38,4.70235563162887e-59
688,688,0.0001549399,0.0014594985,-6.146810954667746e-17,5.984854042841961e-38,-8.34304029143067e-58
689,689,0.0001667936,0.0012608064,-6.161314890336801e-17,7.290063884128032e-38,-4.741303638581184e-57
690,690,0.0001172643,0.0014556402,-6.170973572810328e-17,7.90580248592903e-38,-2.1735901582879668e-57
691,691,0.0001401793,0.0012397785,-6.186857621694556e-17,9.305281275590426e-38,-9.132372315996301e-57
692,692,0.0001099743,0.0012773137,-6.20493047521764e-17,7.888843329355476e-38,-2.0397213532175105e-57
693,693,0.000126431,0.001315131,-6.199369887647768e-17,8.246751473581227e-38,-8.674378312005972e-58
694,694,0.0001246513,0.0012657787,-6.205559943452384e-17,6.059102918469755e-38,-1.3840845461735364e-58
695,695,0.0001276269,0.0012120091,-6.211965252487789e-17,9.31484585885393e-38,-2.5852528501288846e-57
696,696,0.0001286014,0.0013136418,-6.222891595164285e-17,1.0325050655747853e-37,2.5941411043204655e-57
697,697,0.000120747,0.001270424,-6.231586409966286e-17,9.261444275573782e-38,1.2622592832634422e-57
698,698,0.0001061607,0.0013174306,-6.245843133426074e-17,8.615723034697519e-38,-4.131693536432442e-57
699,699,0.0001142461,0.0013485021,-6.240086454402908e-17,6.740824950078001e-38,7.413877827088956e-58
700,700,0.0001009141,0.0013552655,-6.26020348479802e-17,7.323768077364489e-38,-1.0810286307855196e-57
701,701,0.0001111567,0.0014896842,-6.256834665949146e-17,6.588686859349569e-38,1.0375071981638946e-57
702,702,0.000116531,0.0014468674,-6.269268777131474e-17,7.411480952482518e-38,1.0465633686789265e-58
703,703,0.0001018877,0.0013711649,-6.287271777329227e-17,7.665210716670281e-38,-3.559336703978283e-57
704,704,0.0001076778,0.0014899623,-6.285385587045523e-17,8.742110936210474e-38,-1.550064813562929e-57
705,705,8.9506e-05,0.0013217121,-6.298479285483338e-17,7.261703371733604e-38,-7.579043561229932e-58
706,706,0.0001163458,0.0013737813,-6.295453004791862e-17,7.3508456880145e-38,-1.1290555918350494e-57
707,707,8.70357e-05,0.0014701833,-6.316211163409209e-17,8.758564563346955e-38,-6.65290692390976e-57
708,708,8.45033e-05,0.0014452668,-6.319720185914072e-17,7.568751432329376e-38,-1.93380201106364e-57
709,709,7.45833e-05,0.0013996466,-6.324579076184912e-17,6.974234987526193e-38,-1.1355577507475745e-57
710,710,8.29819e-05,0.0014889285,-6.325524903802447e-17,6.889543253737888e-38,1.7903291273295872e-58
711,711,0.0001000999,0.001530147,-6.337304626107086e-17,6.920691919697058e-38,-2.4196626654755813e-57
712,712,7.43487e-05,0.0014489961,-6.347361864372265e-17,6.448675663211805e-38,-5.1929411095747036e-58
713,713,8.31229e-05,0.0014076328,-6.369307657549405e-17,7.5723700777451e-38,-2.2363067698386126e-57
714,714,7.40163e-05,0.0014532186,-6.362163146962991e-17,8.398785526793644e-38,1.3161717691454205e-57
715,715,8.14421e-05,0.0015043688,-6.364107018289155e-17,6.823427496128154e-38,-2.8348559037452916e-58
716,716,8.19136e-05,0.0014067776,-6.374052468115611e-17,8.255639403754007e-38,-3.5501303605690496e-58
717,717,8.60249e-05,0.0014460673,-6.385564990313979e-17,7.15176199158336e-38,-1.9066518136162232e-57
718,718,7.90327e-05,0.0014423284,-6.387569141671672e-17,7.285930489237669e-38,-3.443100017554774e-58
719,719,8.70862e-05,0.0015686487,-6.390127919653725e-17,9.025500439664191e-38,-8.515770934429242e-58
720,720,7.81928e-05,0.0015135186,-6.410632786667448e-17,7.494651214078659e-38,-2.358344147787249e-57
721,721,8.12945e-05,0.0014967573,-6.41073889980489e-17,6.208833848638022e-38,4.190948653986646e-58
722,722,6.87225e-05,0.0014784507,-6.420686540830955e-17,7.07846239597316e-38,2.0523941147735467e-57
723,723,5.10249e-05,0.001476653,-6.440476754711307e-17,7.48187195224074e-38,-3.0841079842343195e-57
724,724,7.15439e-05,0.0015056719,-6.436253308319612e-17,6.762836212384042e-38,-3.694540545343249e-57
725,725,6.14568e-05,0.0015434608,-6.447563459009741e-17,7.337037079741672e-38,-3.713211264511373e-57
726,726,6.28498e-05,0.0015299739,-6.457140922710309e-17,8.433792785556239e-38,-4.109559437721955e-57
727,727,5.1935e-05,0.0014125386,-6.469490348037065e-17,8.59120229124803e-38,3.19924022152453e-57
728,728,5.88823e-05,0.0016017363,-6.461045582206205e-17,7.153163555733326e-38,-1.0840109811729907e-57
729,729,5.1162e-05,0.0015560856,-6.480369673224905e-17,6.300224170132241e-38,-4.7047837573115e-58
730,730,6.615e-05,0.0015194379,-6.480787117037782e-17,8.18052236549978e-38,-3.442380902575786e-57
731,731,5.43819e-05,0.0014993277,-6.490557188772196e-17,8.074719296963779e-38,8.161295189549861e-58
732,732,6.3594e-05,0.0014864177,-6.498985762944866e-17,7.395111486729683e-38,-1.2644452192210406e-57
733,733,5.13131e-05,0.0015360238,-6.514620928865729e-17,7.418776088887203e-38,-1.6472676064651378e-57
734,734,4.23733e-05,0.0016954872,-6.517561568244657e-17,8.77310109711287e-38,-1.5362324175143408e-57
735,735,5.22004e-05,0.0016489466,-6.529558056416201e-17,7.812942261257744e-38,-3.6323571520905315e-57
736,736,4.41282e-05,0.0015438068,-6.53821912065218e-17,8.466200172650583e-38,-6.981930505973157e-58
737,737,5.16515e-05,0.0015752284,-6.529922772078093e-17,8.184911348677189e-38,1.4905914379968854e-57
738,738,5.06513e-05,0.0016088912,-6.545602027998739e-17,7.891980767099559e-38,4.682397366598584e-58
739,739,5.01643e-05,0.0017413076,-6.541110617668897e-17,6.898507545166208e-38,-1.3213170333179724e-58
740,740,4.91614e-05,0.0015351718,-6.563094705369933e-17,8.26338592720004e-38,6.896395983305261e-58
741,741,4.87022e-05,0.0016211426,-6.557069637143106e-17,6.646940013999114e-38,-6.295471568794276e-58
742,742,4.22093e-05,0.0016709949,-6.578230377995107e-17,8.320288836834736e-38,-2.123720504361915e-58
743,743,4.34523e-05,0.0016425951,-6.580273206359608e-17,7.431180097912542e-38,-9.407531015751221e-58
744,744,3.17407e-05,0.0015064865,-6.5944252082064e-17,8.386233104865808e-38,-1.7364631369701828e-57
